onet_soc_code,title,stem_occupation_types,job_zone,n_tasks_scored,susceptibility,exposure,anchoring,deployment_gap,share_tasks_high_susceptibility,share_largely_automatable,share_human_anchored,quadrant
15-2051.01,Business Intelligence Analysts,"Research, Development, Design, and Practitioners",4,17,78.3,80.7,24.0,28.0,1.0,0.588,0.0,Displaceable
15-1299.02,Geographic Information Systems Technologists and Technicians,"Research, Development, Design, and Practitioners; Technologists and Technicians",4,29,78.2,81.2,24.7,29.8,0.862,0.517,0.0,Displaceable
15-2021.00,Mathematicians,"Research, Development, Design, and Practitioners",5,12,76.6,81.5,28.3,36.5,0.75,0.25,0.083,Displaceable
15-1299.03,Document Management Specialists,"Research, Development, Design, and Practitioners; Technologists and Technicians",4,23,76.5,79.9,26.8,29.5,0.826,0.217,0.0,Displaceable
15-2051.00,Data Scientists,"Research, Development, Design, and Practitioners",4,16,76.4,80.9,28.2,36.6,0.812,0.125,0.062,Displaceable
15-1242.00,Database Administrators,"Research, Development, Design, and Practitioners",4,18,75.6,77.0,25.7,23.2,0.833,0.556,0.0,Displaceable
15-1255.00,Web and Digital Interface Designers,"Research, Development, Design, and Practitioners",4,30,75.2,78.5,28.1,31.1,0.767,0.333,0.0,Displaceable
15-1243.01,Data Warehousing Specialists,"Research, Development, Design, and Practitioners",4,18,75.1,79.1,29.0,35.9,0.833,0.222,0.0,Displaceable
15-2041.01,Biostatisticians,"Research, Development, Design, and Practitioners",5,25,75.0,79.8,29.9,34.8,0.68,0.28,0.08,Displaceable
15-1243.00,Database Architects,"Research, Development, Design, and Practitioners",4,25,74.5,76.7,27.7,29.7,0.84,0.36,0.0,Displaceable
15-1254.00,Web Developers,"Research, Development, Design, and Practitioners",3,29,74.3,75.7,27.2,24.4,0.724,0.276,0.0,Displaceable
15-2051.02,Clinical Data Managers,"Research, Development, Design, and Practitioners",4,21,74.3,77.3,28.7,33.7,0.81,0.095,0.048,Displaceable
15-2099.01,Bioinformatics Technicians,"Research, Development, Design, and Practitioners; Technologists and Technicians",4,19,74.2,76.0,27.6,30.8,0.737,0.263,0.0,Displaceable
15-2041.00,Statisticians,"Research, Development, Design, and Practitioners",5,19,73.8,77.5,29.9,35.2,0.632,0.158,0.158,Displaceable
15-1211.01,Health Informatics Specialists,"Research, Development, Design, and Practitioners",5,17,73.3,78.4,31.8,39.3,0.941,0.176,0.0,Displaceable
15-1251.00,Computer Programmers,"Research, Development, Design, and Practitioners",4,17,73.3,74.9,28.3,24.3,0.647,0.353,0.0,Displaceable
15-1211.00,Computer Systems Analysts,"Research, Development, Design, and Practitioners",4,22,73.0,76.7,30.8,33.9,0.636,0.273,0.045,Displaceable
15-1253.00,Software Quality Assurance Analysts and Testers,"Research, Development, Design, and Practitioners",4,30,72.3,72.0,27.3,17.3,0.633,0.5,0.0,Displaceable
15-1255.01,Video Game Designers,"Research, Development, Design, and Practitioners",4,24,72.0,73.3,29.3,32.6,0.542,0.292,0.0,Displaceable
15-1299.01,Web Administrators,"Research, Development, Design, and Practitioners; Technologists and Technicians",4,35,71.8,73.5,29.9,26.8,0.571,0.257,0.0,Displaceable
15-2031.00,Operations Research Analysts,"Research, Development, Design, and Practitioners",5,17,71.3,75.5,32.9,38.0,0.706,0.059,0.059,Displaceable
15-1299.04,Penetration Testers,"Research, Development, Design, and Practitioners; Technologists and Technicians",4,22,70.2,74.5,34.1,32.4,0.364,0.091,0.045,Displaceable
15-1299.07,Blockchain Engineers,"Research, Development, Design, and Practitioners; Technologists and Technicians",4,17,69.7,72.7,33.3,29.4,0.294,0.176,0.0,Displaceable
41-4011.00,"Sales Representatives, Wholesale and Manufacturing, Technical and Scientific Products",Sales,4,33,69.4,69.4,30.5,17.5,0.485,0.576,0.0,Displaceable
19-2041.01,Climate Change Policy Analysts,"Research, Development, Design, and Practitioners",5,14,69.3,75.3,36.6,45.1,0.5,0.071,0.0,Displaceable
15-1299.08,Computer Systems Engineers/Architects,"Research, Development, Design, and Practitioners; Technologists and Technicians",3,28,69.1,71.9,33.7,31.2,0.571,0.179,0.036,Displaceable
19-3094.00,Political Scientists,"Research, Development, Design, and Practitioners",5,14,69.1,75.8,37.6,45.9,0.429,0.0,0.143,Displaceable
15-1252.00,Software Developers,"Research, Development, Design, and Practitioners",4,17,68.8,70.6,33.0,29.1,0.529,0.176,0.059,Displaceable
29-2099.08,Patient Representatives,Technologists and Technicians,3,13,68.3,69.4,32.7,28.2,0.615,0.308,0.077,Displaceable
15-1299.06,Digital Forensics Analysts,"Research, Development, Design, and Practitioners; Technologists and Technicians",4,20,68.2,70.5,34.2,28.3,0.45,0.15,0.0,Displaceable
15-1212.00,Information Security Analysts,"Research, Development, Design, and Practitioners",4,11,68.1,70.3,34.0,27.5,0.273,0.182,0.0,Displaceable
29-2072.00,Medical Records Specialists,Technologists and Technicians,3,16,67.9,70.8,35.1,22.5,0.688,0.25,0.188,Displaceable
41-4011.07,Solar Sales Representatives and Assessors,Sales,3,13,67.8,70.0,34.5,27.2,0.538,0.385,0.0,Displaceable
19-1029.01,Bioinformatics Scientists,"Research, Development, Design, and Practitioners",5,20,67.7,72.8,37.5,41.9,0.6,0.0,0.05,Displaceable
19-3011.01,Environmental Economists,"Research, Development, Design, and Practitioners",5,20,67.7,73.8,38.4,45.1,0.35,0.05,0.0,Displaceable
15-1232.00,Computer User Support Specialists,Technologists and Technicians,3,16,67.6,64.9,29.8,18.7,0.625,0.312,0.062,Displaceable
15-1244.00,Network and Computer Systems Administrators,"Research, Development, Design, and Practitioners",3,20,67.6,66.5,31.3,17.7,0.35,0.25,0.0,Displaceable
41-9031.00,Sales Engineers,Sales,4,25,67.6,68.6,33.4,26.5,0.52,0.36,0.08,Displaceable
19-4061.00,Social Science Research Assistants,Technologists and Technicians,4,22,67.5,68.4,33.4,27.9,0.455,0.182,0.045,Displaceable
15-1241.00,Computer Network Architects,"Research, Development, Design, and Practitioners",4,33,67.2,69.5,35.1,30.9,0.364,0.091,0.061,Displaceable
19-1011.00,Animal Scientists,"Research, Development, Design, and Practitioners",5,9,67.1,69.7,35.6,38.3,0.556,0.0,0.0,Displaceable
25-1063.00,"Economics Teachers, Postsecondary",Postsecondary Teaching,5,22,67.1,69.6,35.3,35.3,0.455,0.091,0.182,Displaceable
15-1231.00,Computer Network Support Specialists,Technologists and Technicians,4,26,67.0,61.9,27.9,9.2,0.423,0.5,0.0,Displaceable
19-2041.03,Industrial Ecologists,"Research, Development, Design, and Practitioners",5,38,67.0,73.3,39.3,44.1,0.263,0.0,0.0,Displaceable
25-1032.00,"Engineering Teachers, Postsecondary",Postsecondary Teaching,5,24,67.0,69.4,35.5,35.0,0.458,0.125,0.167,Displaceable
19-3099.01,Transportation Planners,"Research, Development, Design, and Practitioners",4,22,66.9,73.7,39.8,45.1,0.409,0.045,0.136,Displaceable
25-1031.00,"Architecture Teachers, Postsecondary",Postsecondary Teaching,5,22,66.8,69.2,35.6,35.4,0.455,0.091,0.182,Displaceable
25-1065.00,"Political Science Teachers, Postsecondary",Postsecondary Teaching,5,22,66.8,69.1,35.6,35.2,0.455,0.091,0.182,Displaceable
25-1043.00,"Forestry and Conservation Science Teachers, Postsecondary",Postsecondary Teaching,5,25,66.6,69.1,36.0,35.9,0.48,0.08,0.16,Displaceable
25-1051.00,"Atmospheric, Earth, Marine, and Space Sciences Teachers, Postsecondary",Postsecondary Teaching,5,26,66.6,68.7,35.4,34.0,0.462,0.115,0.154,Displaceable
25-1062.00,"Area, Ethnic, and Cultural Studies Teachers, Postsecondary",Postsecondary Teaching,5,23,66.6,69.0,35.8,35.7,0.435,0.087,0.174,Displaceable
15-1241.01,Telecommunications Engineering Specialists,"Research, Development, Design, and Practitioners",3,26,66.5,66.3,33.3,26.3,0.385,0.192,0.0,Displaceable
25-1053.00,"Environmental Science Teachers, Postsecondary",Postsecondary Teaching,5,25,66.5,69.1,36.2,36.1,0.48,0.08,0.16,Displaceable
25-1022.00,"Mathematical Science Teachers, Postsecondary",Postsecondary Teaching,5,23,66.4,68.6,35.7,33.2,0.478,0.13,0.217,Displaceable
25-1064.00,"Geography Teachers, Postsecondary",Postsecondary Teaching,5,25,66.1,67.9,35.8,34.1,0.44,0.12,0.16,Displaceable
25-1067.00,"Sociology Teachers, Postsecondary",Postsecondary Teaching,5,24,66.0,68.3,36.4,35.5,0.417,0.083,0.167,Displaceable
25-1041.00,"Agricultural Sciences Teachers, Postsecondary",Postsecondary Teaching,5,23,65.8,68.2,36.6,35.7,0.435,0.087,0.174,Displaceable
11-9121.01,Clinical Research Coordinators,Managerial,4,33,65.7,67.5,36.2,28.4,0.364,0.212,0.091,Displaceable
17-3011.00,Architectural and Civil Drafters,Technologists and Technicians,3,26,65.7,62.4,31.0,21.0,0.538,0.038,0.038,Displaceable
19-3011.00,Economists,"Research, Development, Design, and Practitioners",5,14,65.7,71.3,39.8,41.0,0.357,0.0,0.286,Displaceable
25-1061.00,"Anthropology and Archeology Teachers, Postsecondary",Postsecondary Teaching,5,27,65.7,68.4,37.0,36.8,0.444,0.074,0.185,Displaceable
25-1071.00,"Health Specialties Teachers, Postsecondary",Postsecondary Teaching,5,22,65.7,67.7,36.3,34.4,0.455,0.091,0.182,Displaceable
17-3013.00,Mechanical Drafters,Technologists and Technicians,3,16,65.6,61.7,30.6,20.5,0.188,0.125,0.062,Displaceable
19-2012.00,Physicists,"Research, Development, Design, and Practitioners",5,16,65.6,68.8,37.6,37.9,0.375,0.0,0.062,Displaceable
11-3021.00,Computer and Information Systems Managers,Managerial,4,17,65.5,69.9,38.9,39.6,0.412,0.118,0.118,Displaceable
19-3022.00,Survey Researchers,"Research, Development, Design, and Practitioners",5,16,65.5,68.7,37.6,35.0,0.375,0.125,0.062,Displaceable
19-3051.00,Urban and Regional Planners,"Research, Development, Design, and Practitioners",5,25,65.5,70.0,39.0,38.6,0.36,0.12,0.12,Displaceable
15-1299.05,Information Security Engineers,"Research, Development, Design, and Practitioners; Technologists and Technicians",4,20,65.4,68.8,38.1,33.2,0.4,0.1,0.05,Displaceable
15-1221.00,Computer and Information Research Scientists,"Research, Development, Design, and Practitioners",5,15,65.3,69.1,38.6,36.7,0.267,0.2,0.067,Displaceable
19-2021.00,Atmospheric and Space Scientists,"Research, Development, Design, and Practitioners",4,27,65.3,67.9,37.2,33.4,0.556,0.037,0.037,Displaceable
19-4012.01,Precision Agriculture Technicians,Technologists and Technicians,3,22,65.3,62.8,32.1,20.3,0.545,0.182,0.0,Displaceable
15-1299.09,Information Technology Project Managers,"Research, Development, Design, and Practitioners; Technologists and Technicians",4,21,65.2,68.7,38.2,34.7,0.381,0.095,0.19,Displaceable
17-2112.00,Industrial Engineers,"Research, Development, Design, and Practitioners",4,20,65.2,67.3,37.0,34.0,0.3,0.1,0.05,Displaceable
25-1042.00,"Biological Science Teachers, Postsecondary",Postsecondary Teaching,5,27,65.2,67.2,36.7,35.3,0.407,0.074,0.148,Displaceable
29-9021.00,Health Information Technologists and Medical Registrars,"Research, Development, Design, and Practitioners; Technologists and Technicians",3,16,65.2,67.7,37.2,27.6,0.562,0.188,0.25,Displaceable
25-1054.00,"Physics Teachers, Postsecondary",Postsecondary Teaching,5,24,65.1,66.7,36.5,33.9,0.417,0.083,0.167,Displaceable
25-1021.00,"Computer Science Teachers, Postsecondary",Postsecondary Teaching,5,26,64.8,67.5,37.9,36.6,0.423,0.038,0.192,Displaceable
25-1066.00,"Psychology Teachers, Postsecondary",Postsecondary Teaching,5,29,64.6,67.2,38.0,36.2,0.448,0.069,0.241,Displaceable
17-2031.00,Bioengineers and Biomedical Engineers,"Research, Development, Design, and Practitioners",4,30,64.5,68.2,39.2,39.4,0.233,0.1,0.1,Displaceable
25-1072.00,"Nursing Instructors and Teachers, Postsecondary",Postsecondary Teaching,5,29,64.4,67.5,38.8,37.3,0.345,0.069,0.172,Displaceable
19-4099.03,Remote Sensing Technicians,Technologists and Technicians,4,21,64.2,59.7,31.2,16.3,0.524,0.143,0.0,Insulated
25-1052.00,"Chemistry Teachers, Postsecondary",Postsecondary Teaching,5,28,64.1,65.5,37.3,33.1,0.393,0.071,0.214,Displaceable
17-1012.00,Landscape Architects,"Research, Development, Design, and Practitioners",4,19,63.5,64.6,37.7,31.7,0.421,0.053,0.158,Displaceable
17-2199.03,"Energy Engineers, Except Wind and Solar","Research, Development, Design, and Practitioners",4,21,63.5,63.6,36.6,23.7,0.286,0.238,0.0,Displaceable
19-3041.00,Sociologists,"Research, Development, Design, and Practitioners",5,15,63.4,68.7,41.7,41.0,0.267,0.0,0.267,Contested
17-2072.00,"Electronics Engineers, Except Computer","Research, Development, Design, and Practitioners",4,20,63.3,63.2,36.5,25.6,0.35,0.2,0.0,Displaceable
19-2041.00,"Environmental Scientists and Specialists, Including Health","Research, Development, Design, and Practitioners",4,22,63.3,69.0,42.5,41.0,0.182,0.045,0.045,Contested
17-2061.00,Computer Hardware Engineers,"Research, Development, Design, and Practitioners",4,18,63.2,63.4,36.9,28.5,0.333,0.0,0.056,Displaceable
17-2112.03,Manufacturing Engineers,"Research, Development, Design, and Practitioners",4,24,63.2,65.5,39.1,34.9,0.208,0.042,0.042,Displaceable
19-1029.04,Biologists,"Research, Development, Design, and Practitioners",5,22,63.2,66.0,39.6,35.7,0.364,0.045,0.136,Displaceable
19-2099.01,Remote Sensing Scientists and Technologists,"Research, Development, Design, and Practitioners",4,24,63.2,61.9,35.5,26.4,0.333,0.125,0.0,Displaceable
17-2111.02,Fire-Prevention and Protection Engineers,"Research, Development, Design, and Practitioners",4,14,63.0,68.3,42.3,38.2,0.357,0.0,0.143,Contested
17-3012.00,Electrical and Electronics Drafters,Technologists and Technicians,3,30,63.0,60.3,34.2,23.7,0.233,0.133,0.067,Displaceable
19-2042.00,"Geoscientists, Except Hydrologists and Geographers","Research, Development, Design, and Practitioners",4,32,62.9,63.1,37.2,27.3,0.312,0.031,0.0,Displaceable
17-2051.02,Water/Wastewater Engineers,"Research, Development, Design, and Practitioners",4,28,62.7,66.4,41.1,38.8,0.214,0.0,0.143,Contested
19-2011.00,Astronomers,"Research, Development, Design, and Practitioners",5,17,62.7,65.3,39.9,34.1,0.412,0.0,0.294,Displaceable
17-2199.07,Photonics Engineers,"Research, Development, Design, and Practitioners",4,26,62.6,62.7,37.5,30.1,0.308,0.038,0.0,Displaceable
19-1029.03,Geneticists,"Research, Development, Design, and Practitioners",5,24,62.6,64.8,39.7,33.8,0.208,0.042,0.125,Displaceable
17-2072.01,Radio Frequency Identification Device Specialists,"Research, Development, Design, and Practitioners",4,21,62.5,60.4,35.5,23.2,0.333,0.048,0.0,Displaceable
11-9121.02,Water Resource Specialists,Managerial,4,21,62.4,65.0,40.2,33.5,0.333,0.143,0.095,Contested
17-2199.08,Robotics Engineers,"Research, Development, Design, and Practitioners",4,24,62.3,62.6,38.0,28.7,0.167,0.125,0.042,Displaceable
17-3022.00,Civil Engineering Technologists and Technicians,Technologists and Technicians,3,14,62.3,61.9,37.3,23.0,0.429,0.071,0.071,Displaceable
17-1022.01,Geodetic Surveyors,Technologists and Technicians,4,16,62.2,55.2,30.8,3.4,0.312,0.375,0.0,Insulated
17-2141.02,Automotive Engineers,"Research, Development, Design, and Practitioners",4,25,61.9,63.1,39.3,33.6,0.2,0.08,0.0,Displaceable
19-3032.00,Industrial-Organizational Psychologists,"Research, Development, Design, and Practitioners",5,25,61.9,67.2,43.3,41.1,0.16,0.0,0.24,Contested
17-3027.00,Mechanical Engineering Technologists and Technicians,Technologists and Technicians,3,30,61.6,58.0,34.7,16.9,0.267,0.067,0.0,Insulated
19-2041.02,Environmental Restoration Planners,"Research, Development, Design, and Practitioners",5,23,61.5,65.8,42.9,40.6,0.261,0.043,0.0,Contested
17-1011.00,"Architects, Except Landscape and Naval","Research, Development, Design, and Practitioners",5,25,61.4,63.0,40.1,32.5,0.4,0.0,0.12,Contested
19-4099.01,Quality Control Analysts,Technologists and Technicians,3,26,61.4,60.5,37.6,20.0,0.346,0.192,0.154,Displaceable
11-9121.00,Natural Sciences Managers,Managerial,5,16,61.3,65.0,42.3,37.8,0.188,0.062,0.188,Contested
17-2151.00,"Mining and Geological Engineers, Including Mining Safety Engineers","Research, Development, Design, and Practitioners",4,18,61.3,62.7,39.9,29.7,0.278,0.167,0.222,Displaceable
19-2032.00,Materials Scientists,"Research, Development, Design, and Practitioners",4,16,61.3,62.2,39.5,26.6,0.25,0.0,0.062,Displaceable
11-9111.00,Medical and Health Services Managers,Managerial,4,18,61.2,62.3,40.0,30.7,0.222,0.167,0.333,Displaceable
17-2112.02,Validation Engineers,"Research, Development, Design, and Practitioners",4,21,61.2,59.7,37.3,23.2,0.286,0.143,0.0,Insulated
17-2141.01,Fuel Cell Engineers,"Research, Development, Design, and Practitioners",4,26,60.9,61.6,39.8,30.5,0.231,0.038,0.0,Displaceable
19-3092.00,Geographers,"Research, Development, Design, and Practitioners",4,12,60.9,59.2,37.4,26.2,0.333,0.083,0.083,Insulated
19-4044.00,Hydrologic Technicians,Technologists and Technicians,3,16,60.9,58.6,36.8,20.7,0.438,0.25,0.062,Insulated
15-2011.00,Actuaries,"Research, Development, Design, and Practitioners",4,15,60.8,68.2,46.6,42.6,0.267,0.133,0.533,Contested
17-2199.06,Microsystems Engineers,"Research, Development, Design, and Practitioners",5,31,60.8,61.3,39.7,30.1,0.226,0.0,0.0,Displaceable
17-2081.00,Environmental Engineers,"Research, Development, Design, and Practitioners",4,29,60.7,62.4,41.0,31.6,0.207,0.103,0.103,Contested
19-1023.00,Zoologists and Wildlife Biologists,"Research, Development, Design, and Practitioners",4,14,60.7,61.5,40.1,28.4,0.214,0.0,0.071,Contested
19-1031.03,Park Naturalists,"Research, Development, Design, and Practitioners",4,20,60.7,58.3,37.0,18.3,0.45,0.25,0.1,Insulated
17-2141.00,Mechanical Engineers,"Research, Development, Design, and Practitioners",4,28,60.5,61.7,40.7,32.9,0.25,0.071,0.036,Contested
19-1013.00,Soil and Plant Scientists,"Research, Development, Design, and Practitioners",5,27,60.4,63.1,42.2,37.1,0.296,0.037,0.037,Contested
17-3023.00,Electrical and Electronic Engineering Technologists and Technicians,Technologists and Technicians,3,28,60.2,56.3,35.9,20.1,0.214,0.179,0.036,Insulated
19-1041.00,Epidemiologists,"Research, Development, Design, and Practitioners",5,16,60.2,66.2,45.7,42.9,0.188,0.0,0.312,Contested
19-2043.00,Hydrologists,"Research, Development, Design, and Practitioners",4,25,60.2,60.4,40.1,28.9,0.28,0.08,0.12,Contested
17-2199.05,Mechatronics Engineers,"Research, Development, Design, and Practitioners",4,23,60.1,59.5,39.3,30.3,0.174,0.087,0.043,Insulated
29-9092.00,Genetic Counselors,"Research, Development, Design, and Practitioners",5,19,60.1,70.3,50.1,46.5,0.211,0.0,0.526,Contested
17-2051.01,Transportation Engineers,"Research, Development, Design, and Practitioners",4,26,60.0,62.0,41.9,32.4,0.192,0.0,0.115,Contested
17-2112.01,Human Factors Engineers and Ergonomists,"Research, Development, Design, and Practitioners",5,26,59.8,63.8,44.2,38.0,0.154,0.0,0.077,Contested
17-2199.11,Solar Energy Systems Engineers,"Research, Development, Design, and Practitioners",4,13,59.8,59.0,39.3,27.2,0.154,0.077,0.0,Insulated
11-9041.00,Architectural and Engineering Managers,Managerial,5,19,59.7,64.2,44.8,37.2,0.211,0.053,0.263,Contested
17-2041.00,Chemical Engineers,"Research, Development, Design, and Practitioners",4,14,59.6,61.7,42.6,32.2,0.071,0.071,0.0,Contested
17-2161.00,Nuclear Engineers,"Research, Development, Design, and Practitioners",4,20,59.5,61.9,42.9,32.8,0.35,0.0,0.1,Contested
17-2131.00,Materials Engineers,"Research, Development, Design, and Practitioners",4,21,59.3,59.5,40.9,27.5,0.19,0.048,0.095,Human-anchored
17-2011.00,Aerospace Engineers,"Research, Development, Design, and Practitioners",4,14,58.9,57.6,39.8,25.9,0.071,0.143,0.0,Insulated
17-2121.00,Marine Engineers and Naval Architects,"Research, Development, Design, and Practitioners",4,30,58.9,56.3,38.5,21.1,0.233,0.133,0.133,Insulated
17-2199.10,Wind Energy Engineers,"Research, Development, Design, and Practitioners",4,16,58.7,59.2,41.8,29.8,0.188,0.0,0.0,Human-anchored
19-3034.00,School Psychologists,"Research, Development, Design, and Practitioners",5,19,58.7,61.4,43.9,35.9,0.053,0.053,0.263,Contested
17-2199.09,Nanosystems Engineers,"Research, Development, Design, and Practitioners",5,25,58.6,57.9,40.8,28.9,0.24,0.08,0.04,Human-anchored
19-1021.00,Biochemists and Biophysicists,"Research, Development, Design, and Practitioners",5,24,58.5,59.6,42.7,30.9,0.125,0.0,0.083,Human-anchored
19-1042.00,"Medical Scientists, Except Epidemiologists","Research, Development, Design, and Practitioners",5,14,58.4,62.2,45.3,33.8,0.214,0.0,0.286,Contested
29-1229.05,Preventive Medicine Physicians,"Research, Development, Design, and Practitioners",5,15,58.3,64.7,48.2,40.8,0.267,0.0,0.4,Contested
17-2021.00,Agricultural Engineers,"Research, Development, Design, and Practitioners",4,14,58.2,59.4,43.0,32.2,0.143,0.0,0.0,Human-anchored
29-2052.00,Pharmacy Technicians,Technologists and Technicians,3,21,58.1,51.8,35.6,-0.7,0.286,0.143,0.19,Insulated
17-2171.00,Petroleum Engineers,"Research, Development, Design, and Practitioners",4,23,57.4,56.2,41.3,24.0,0.174,0.13,0.043,Human-anchored
17-3026.00,Industrial Engineering Technologists and Technicians,Technologists and Technicians,3,30,57.4,55.2,40.3,21.1,0.133,0.067,0.0,Human-anchored
19-1029.02,Molecular and Cellular Biologists,"Research, Development, Design, and Practitioners",5,22,57.3,58.2,43.5,29.1,0.182,0.091,0.227,Human-anchored
17-1021.00,Cartographers and Photogrammetrists,Technologists and Technicians,4,14,57.2,45.0,30.6,-7.2,0.357,0.214,0.0,Insulated
19-1031.00,Conservation Scientists,"Research, Development, Design, and Practitioners",4,30,57.2,58.9,44.5,33.4,0.133,0.067,0.133,Human-anchored
17-2071.00,Electrical Engineers,"Research, Development, Design, and Practitioners",4,22,57.1,55.5,41.3,23.4,0.136,0.091,0.0,Human-anchored
29-1031.00,Dietitians and Nutritionists,"Research, Development, Design, and Practitioners",5,28,57.0,63.2,49.1,37.9,0.143,0.036,0.357,Contested
17-3028.00,Calibration Technologists and Technicians,Technologists and Technicians,3,14,56.9,49.4,35.6,10.8,0.286,0.143,0.0,Insulated
19-3091.00,Anthropologists and Archeologists,"Research, Development, Design, and Practitioners",5,30,56.9,57.7,43.9,30.9,0.133,0.067,0.1,Human-anchored
29-1229.02,Hospitalists,"Research, Development, Design, and Practitioners",5,14,56.9,63.9,50.2,43.1,0.214,0.071,0.5,Contested
19-1012.00,Food Scientists and Technologists,"Research, Development, Design, and Practitioners",4,13,56.8,56.6,42.9,26.4,0.077,0.077,0.154,Human-anchored
17-3027.01,Automotive Engineering Technicians,Technologists and Technicians,3,18,56.6,50.0,36.8,7.7,0.222,0.111,0.056,Insulated
29-1051.00,Pharmacists,"Research, Development, Design, and Practitioners",5,21,56.4,59.3,46.5,26.1,0.19,0.143,0.476,Human-anchored
17-3031.00,Surveying and Mapping Technicians,Technologists and Technicians,3,30,56.1,45.1,32.8,-4.4,0.3,0.2,0.067,Insulated
19-1031.02,Range Managers,"Research, Development, Design, and Practitioners",4,18,55.9,56.8,44.9,33.1,0.167,0.0,0.111,Human-anchored
17-1022.00,Surveyors,Technologists and Technicians,4,24,55.8,48.0,36.3,3.9,0.292,0.167,0.042,Insulated
29-1223.00,Psychiatrists,"Research, Development, Design, and Practitioners",5,12,55.6,64.6,53.4,43.0,0.167,0.0,0.583,Contested
17-3025.00,Environmental Engineering Technologists and Technicians,Technologists and Technicians,4,23,55.2,50.1,39.8,11.4,0.13,0.13,0.174,Insulated
11-9041.01,Biofuels/Biodiesel Technology and Product Development Managers,Managerial,4,18,55.0,54.3,44.2,31.4,0.167,0.0,0.0,Human-anchored
17-2051.00,Civil Engineers,"Research, Development, Design, and Practitioners",4,16,55.0,55.2,45.2,26.8,0.125,0.0,0.188,Human-anchored
17-3024.00,Electro-Mechanical and Mechatronics Technologists and Technicians,Technologists and Technicians,3,28,55.0,47.7,37.7,9.4,0.179,0.071,0.036,Insulated
29-2051.00,Dietetic Technicians,Technologists and Technicians,3,13,54.7,60.0,50.5,36.3,0.077,0.0,0.308,Human-anchored
29-1129.01,Art Therapists,"Research, Development, Design, and Practitioners",5,25,54.5,58.9,50.0,34.8,0.16,0.04,0.48,Human-anchored
19-3033.00,Clinical and Counseling Psychologists,"Research, Development, Design, and Practitioners",5,30,54.3,59.4,50.8,36.4,0.133,0.033,0.533,Human-anchored
17-3026.01,Nanotechnology Engineering Technologists and Technicians,Technologists and Technicians,4,25,53.9,45.3,37.4,4.5,0.24,0.08,0.0,Insulated
19-4043.00,"Geological Technicians, Except Hydrologic Technicians",Technologists and Technicians,4,29,53.7,44.3,36.9,6.0,0.172,0.138,0.103,Insulated
17-2111.00,"Health and Safety Engineers, Except Mining Safety Engineers and Inspectors","Research, Development, Design, and Practitioners",4,27,53.5,56.2,49.2,33.4,0.111,0.037,0.296,Human-anchored
29-1229.06,Sports Medicine Physicians,"Research, Development, Design, and Practitioners",5,27,53.5,61.6,54.7,40.1,0.037,0.0,0.519,Contested
19-4021.00,Biological Technicians,Technologists and Technicians,4,18,53.2,42.2,35.7,0.4,0.056,0.222,0.0,Insulated
29-1229.01,Allergists and Immunologists,"Research, Development, Design, and Practitioners",5,16,53.2,62.8,56.4,44.4,0.062,0.0,0.688,Contested
19-3039.02,Neuropsychologists,"Research, Development, Design, and Practitioners",5,14,53.0,58.2,52.2,38.3,0.071,0.0,0.643,Human-anchored
19-1032.00,Foresters,"Research, Development, Design, and Practitioners",4,25,52.8,52.2,46.7,28.1,0.04,0.0,0.0,Human-anchored
29-1222.00,"Physicians, Pathologists","Research, Development, Design, and Practitioners",5,19,52.7,56.5,51.2,29.1,0.105,0.0,0.421,Human-anchored
29-1224.00,Radiologists,"Research, Development, Design, and Practitioners",5,30,52.7,58.6,53.2,34.0,0.1,0.033,0.6,Human-anchored
29-1215.00,Family Medicine Physicians,"Research, Development, Design, and Practitioners",5,12,52.5,60.0,55.0,39.3,0.083,0.0,0.5,Human-anchored
19-1022.00,Microbiologists,"Research, Development, Design, and Practitioners",4,14,52.4,48.6,43.8,16.0,0.071,0.071,0.071,Human-anchored
29-1171.00,Nurse Practitioners,"Research, Development, Design, and Practitioners",5,27,52.4,60.0,55.2,40.2,0.185,0.074,0.667,Human-anchored
19-2031.00,Chemists,"Research, Development, Design, and Practitioners",4,12,52.3,49.1,44.5,16.1,0.0,0.0,0.167,Human-anchored
29-1141.04,Clinical Nurse Specialists,"Research, Development, Design, and Practitioners",5,30,52.3,60.2,55.6,44.9,0.067,0.0,0.5,Human-anchored
17-3024.01,Robotics Technicians,Technologists and Technicians,3,22,52.2,43.2,38.7,5.3,0.045,0.045,0.091,Insulated
17-3021.00,Aerospace Engineering and Operations Technologists and Technicians,Technologists and Technicians,3,11,52.0,43.0,39.1,4.1,0.091,0.091,0.0,Insulated
19-4042.00,"Environmental Science and Protection Technicians, Including Health",Technologists and Technicians,4,25,52.0,47.7,43.6,16.4,0.12,0.04,0.16,Human-anchored
29-1217.00,Neurologists,"Research, Development, Design, and Practitioners",5,24,52.0,60.7,56.7,41.2,0.042,0.0,0.625,Contested
29-1123.00,Physical Therapists,"Research, Development, Design, and Practitioners",5,24,51.9,57.7,53.9,33.1,0.125,0.042,0.708,Human-anchored
29-1129.02,Music Therapists,"Research, Development, Design, and Practitioners",4,30,51.8,57.0,53.4,38.2,0.133,0.0,0.633,Human-anchored
29-1127.00,Speech-Language Pathologists,"Research, Development, Design, and Practitioners",5,23,51.7,58.0,54.7,37.9,0.087,0.043,0.609,Human-anchored
17-3029.01,Non-Destructive Testing Specialists,Technologists and Technicians,,16,51.6,40.9,37.7,-6.5,0.125,0.062,0.062,Insulated
19-4031.00,Chemical Technicians,Technologists and Technicians,3,16,51.4,45.9,43.1,14.6,0.125,0.062,0.125,Human-anchored
29-2036.00,Medical Dosimetrists,Technologists and Technicians,4,19,51.1,51.0,48.8,19.3,0.158,0.053,0.263,Human-anchored
29-1181.00,Audiologists,"Research, Development, Design, and Practitioners",5,22,50.8,56.3,54.8,33.5,0.136,0.0,0.545,Human-anchored
19-3039.03,Clinical Neuropsychologists,"Research, Development, Design, and Practitioners",5,18,50.4,57.1,56.3,39.4,0.056,0.0,0.778,Human-anchored
29-1125.00,Recreational Therapists,"Research, Development, Design, and Practitioners",4,11,50.4,58.3,57.5,40.0,0.0,0.0,0.727,Human-anchored
29-2011.01,Cytogenetic Technologists,Technologists and Technicians,4,30,50.4,46.4,45.6,8.1,0.133,0.0,0.3,Human-anchored
29-1122.00,Occupational Therapists,"Research, Development, Design, and Practitioners",5,17,50.0,54.2,54.1,33.3,0.0,0.0,0.471,Human-anchored
29-1299.01,Naturopathic Physicians,"Research, Development, Design, and Practitioners",5,20,49.9,53.3,53.5,31.6,0.2,0.05,0.5,Human-anchored
29-1299.02,Orthoptists,"Research, Development, Design, and Practitioners",5,16,49.7,55.0,55.7,31.9,0.062,0.0,0.5,Human-anchored
19-4012.00,Agricultural Technicians,Technologists and Technicians,3,26,49.6,37.4,38.1,-1.9,0.231,0.077,0.0,Insulated
29-1216.00,General Internal Medicine Physicians,"Research, Development, Design, and Practitioners",5,19,49.6,57.5,58.4,39.0,0.053,0.0,0.684,Human-anchored
29-9091.00,Athletic Trainers,"Research, Development, Design, and Practitioners",5,23,49.6,49.8,50.5,23.2,0.087,0.0,0.348,Human-anchored
17-3029.08,Photonics Technicians,Technologists and Technicians,3,24,49.5,37.5,38.5,-1.5,0.167,0.0,0.042,Insulated
19-4071.00,Forest and Conservation Technicians,Technologists and Technicians,3,20,49.5,41.3,42.3,8.2,0.1,0.05,0.2,Human-anchored
29-1141.02,Advanced Practice Psychiatric Nurses,"Research, Development, Design, and Practitioners",5,24,49.5,57.0,57.9,38.4,0.042,0.0,0.708,Human-anchored
29-1213.00,Dermatologists,"Research, Development, Design, and Practitioners",5,18,49.5,57.0,58.0,40.2,0.056,0.0,0.722,Human-anchored
29-1011.00,Chiropractors,"Research, Development, Design, and Practitioners",5,13,49.4,53.8,55.1,27.1,0.077,0.154,0.538,Human-anchored
19-4013.00,Food Science Technicians,Technologists and Technicians,3,16,49.2,37.9,39.6,-8.2,0.0,0.188,0.0,Insulated
29-1122.01,"Low Vision Therapists, Orientation and Mobility Specialists, and Vision Rehabilitation Therapists","Research, Development, Design, and Practitioners",5,21,49.2,55.3,56.9,36.7,0.143,0.0,0.714,Human-anchored
29-1128.00,Exercise Physiologists,"Research, Development, Design, and Practitioners",4,25,49.0,51.7,53.6,26.4,0.04,0.0,0.44,Human-anchored
29-1071.00,Physician Assistants,"Research, Development, Design, and Practitioners",5,12,48.8,53.5,56.0,32.0,0.083,0.083,0.667,Human-anchored
29-1141.01,Acute Care Nurses,"Research, Development, Design, and Practitioners",4,27,48.2,54.6,58.2,34.3,0.111,0.074,0.667,Human-anchored
19-4051.02,Nuclear Monitoring Technicians,Technologists and Technicians,3,16,48.1,37.1,40.8,-6.6,0.125,0.188,0.188,Human-anchored
29-1081.00,Podiatrists,"Research, Development, Design, and Practitioners",5,11,48.1,52.3,56.2,30.9,0.091,0.0,0.545,Human-anchored
29-2011.02,Cytotechnologists,Technologists and Technicians,5,13,48.1,43.7,47.6,7.4,0.077,0.0,0.231,Human-anchored
29-2081.00,"Opticians, Dispensing",Technologists and Technicians,3,21,48.1,44.7,48.4,11.7,0.143,0.048,0.19,Human-anchored
29-1218.00,Obstetricians and Gynecologists,"Research, Development, Design, and Practitioners",5,15,48.0,54.9,58.9,36.1,0.067,0.0,0.6,Human-anchored
29-1161.00,Nurse Midwives,"Research, Development, Design, and Practitioners",5,21,47.4,53.6,58.8,34.2,0.048,0.0,0.571,Human-anchored
29-1221.00,"Pediatricians, General","Research, Development, Design, and Practitioners",5,17,47.3,53.9,59.3,37.2,0.059,0.0,0.588,Human-anchored
29-1241.00,"Ophthalmologists, Except Pediatric","Research, Development, Design, and Practitioners",5,18,47.3,53.8,59.2,35.2,0.0,0.0,0.611,Human-anchored
29-1131.00,Veterinarians,"Research, Development, Design, and Practitioners",5,21,47.2,48.9,54.5,30.6,0.143,0.0,0.524,Human-anchored
29-1141.00,Registered Nurses,"Research, Development, Design, and Practitioners",4,27,47.1,50.0,55.7,27.4,0.037,0.0,0.519,Human-anchored
29-2032.00,Diagnostic Medical Sonographers,Technologists and Technicians,3,19,46.8,44.5,50.9,11.3,0.053,0.053,0.263,Human-anchored
29-1242.00,"Orthopedic Surgeons, Except Pediatric","Research, Development, Design, and Practitioners",5,15,46.7,50.2,56.8,28.4,0.0,0.067,0.667,Human-anchored
19-4051.00,Nuclear Technicians,Technologists and Technicians,3,18,46.6,37.6,44.4,2.1,0.056,0.0,0.167,Human-anchored
29-1214.00,Emergency Medicine Physicians,"Research, Development, Design, and Practitioners",5,17,46.6,54.5,61.3,37.1,0.0,0.0,0.882,Human-anchored
29-2012.00,Medical and Clinical Laboratory Technicians,Technologists and Technicians,3,14,46.6,39.5,46.3,0.6,0.071,0.0,0.071,Human-anchored
29-2011.00,Medical and Clinical Laboratory Technologists,Technologists and Technicians,4,15,46.5,41.4,48.4,7.7,0.133,0.0,0.333,Human-anchored
19-4092.00,Forensic Science Technicians,Technologists and Technicians,3,24,46.4,43.9,51.2,17.6,0.125,0.0,0.667,Human-anchored
29-1212.00,Cardiologists,"Research, Development, Design, and Practitioners",5,25,46.1,51.1,59.0,28.6,0.04,0.04,0.64,Human-anchored
29-2033.00,Nuclear Medicine Technologists,Technologists and Technicians,3,17,46.1,41.6,49.3,6.9,0.118,0.176,0.412,Human-anchored
29-1243.00,Pediatric Surgeons,"Research, Development, Design, and Practitioners",5,18,45.2,48.9,58.6,27.7,0.0,0.056,0.722,Human-anchored
29-1041.00,Optometrists,"Research, Development, Design, and Practitioners",5,10,45.1,50.3,60.1,31.7,0.0,0.0,0.7,Human-anchored
29-2034.00,Radiologic Technologists and Technicians,Technologists and Technicians,3,30,44.9,42.1,52.3,12.2,0.133,0.067,0.467,Human-anchored
29-9099.01,Midwives,"Research, Development, Design, and Practitioners; Technologists and Technicians",5,36,44.8,48.9,59.3,28.3,0.083,0.0,0.667,Human-anchored
29-1229.03,Urologists,"Research, Development, Design, and Practitioners",5,14,44.5,49.1,60.1,32.4,0.0,0.0,0.643,Human-anchored
29-2035.00,Magnetic Resonance Imaging Technologists,Technologists and Technicians,3,24,44.5,40.0,51.0,10.1,0.083,0.125,0.333,Human-anchored
29-1023.00,Orthodontists,"Research, Development, Design, and Practitioners",5,11,43.9,47.3,59.4,28.8,0.0,0.0,0.818,Human-anchored
29-2099.01,Neurodiagnostic Technologists,Technologists and Technicians,3,16,43.8,43.6,55.9,19.1,0.062,0.0,0.5,Human-anchored
29-1211.00,Anesthesiologists,"Research, Development, Design, and Practitioners",5,20,43.4,47.4,60.6,28.2,0.0,0.05,0.7,Human-anchored
29-1229.04,Physical Medicine and Rehabilitation Physicians,"Research, Development, Design, and Practitioners",5,15,43.2,50.3,64.0,34.6,0.0,0.0,0.867,Human-anchored
29-2031.00,Cardiovascular Technologists and Technicians,Technologists and Technicians,3,21,43.2,39.7,53.4,9.4,0.143,0.095,0.476,Human-anchored
29-2061.00,Licensed Practical and Licensed Vocational Nurses,Technologists and Technicians,3,22,42.9,37.7,51.9,7.5,0.091,0.045,0.409,Human-anchored
29-1124.00,Radiation Therapists,"Research, Development, Design, and Practitioners",3,22,42.5,39.0,54.1,10.5,0.136,0.136,0.591,Human-anchored
29-1141.03,Critical Care Nurses,"Research, Development, Design, and Practitioners",4,29,42.5,44.0,59.0,23.3,0.034,0.0,0.655,Human-anchored
29-2091.00,Orthotists and Prosthetists,Technologists and Technicians,5,15,42.5,40.3,55.2,17.9,0.067,0.0,0.333,Human-anchored
29-1126.00,Respiratory Therapists,"Research, Development, Design, and Practitioners",3,23,42.1,42.7,58.5,21.0,0.043,0.0,0.652,Human-anchored
29-1292.00,Dental Hygienists,"Research, Development, Design, and Practitioners",3,16,42.1,38.9,54.7,11.9,0.062,0.125,0.562,Human-anchored
29-1291.00,Acupuncturists,"Research, Development, Design, and Practitioners",5,18,41.7,44.0,60.6,27.3,0.0,0.0,0.778,Human-anchored
29-1151.00,Nurse Anesthetists,"Research, Development, Design, and Practitioners",5,24,41.2,39.9,57.5,19.1,0.125,0.083,0.667,Human-anchored
29-2011.04,Histotechnologists,Technologists and Technicians,4,16,41.1,28.3,46.0,-11.3,0.062,0.0,0.188,Human-anchored
29-2053.00,Psychiatric Technicians,Technologists and Technicians,3,16,41.1,39.5,57.3,20.4,0.062,0.0,0.562,Human-anchored
29-2042.00,Emergency Medical Technicians,Technologists and Technicians,3,12,40.5,39.5,58.5,19.3,0.083,0.0,0.5,Human-anchored
29-2099.05,Ophthalmic Medical Technologists,Technologists and Technicians,3,31,38.8,31.4,53.8,-5.9,0.032,0.032,0.226,Human-anchored
29-2092.00,Hearing Aid Specialists,Technologists and Technicians,3,11,38.6,34.7,57.5,12.2,0.091,0.0,0.545,Human-anchored
29-2043.00,Paramedics,Technologists and Technicians,3,13,38.5,42.2,65.2,29.4,0.077,0.0,0.769,Human-anchored
29-2056.00,Veterinary Technologists and Technicians,Technologists and Technicians,3,31,38.3,30.6,54.0,3.4,0.129,0.065,0.548,Human-anchored
29-2055.00,Surgical Technologists,Technologists and Technicians,3,18,38.0,27.4,51.3,-4.3,0.111,0.167,0.5,Human-anchored
29-2057.00,Ophthalmic Medical Technicians,Technologists and Technicians,3,20,36.5,27.7,54.8,-7.2,0.0,0.0,0.25,Human-anchored
29-1021.00,"Dentists, General","Research, Development, Design, and Practitioners",5,20,36.2,35.4,63.1,21.8,0.05,0.0,0.85,Human-anchored
29-1071.01,Anesthesiologist Assistants,"Research, Development, Design, and Practitioners",5,16,35.0,30.7,60.6,13.0,0.062,0.0,0.75,Human-anchored
29-2012.01,Histology Technicians,Technologists and Technicians,3,8,34.2,15.6,47.1,-18.3,0.0,0.0,0.125,Human-anchored
29-9093.00,Surgical Assistants,"Research, Development, Design, and Practitioners",3,28,30.0,22.0,62.0,3.4,0.0,0.036,0.821,Human-anchored
29-1022.00,Oral and Maxillofacial Surgeons,"Research, Development, Design, and Practitioners",5,15,29.4,31.8,72.9,23.7,0.0,0.0,1.0,Human-anchored
29-1024.00,Prosthodontists,"Research, Development, Design, and Practitioners",5,12,29.2,24.2,65.8,11.1,0.0,0.0,0.917,Human-anchored
