onet_soc_code,title,susceptibility,tasks_first,tasks_last,added,retired,turnover_rate,net_change,last_reviewed
17-3026.00,Industrial Engineering Technologists and Technicians,58.3,17,30,23,10,0.7021,13,2026
17-2031.00,Bioengineers and Biomedical Engineers,66.5,19,30,21,10,0.6327,11,2024
29-2034.00,Radiologic Technologists and Technicians,46.6,23,30,18,11,0.5472,7,2026
17-2199.03,"Energy Engineers, Except Wind and Solar",65.6,21,21,11,11,0.5238,0,2026
17-3027.00,Mechanical Engineering Technologists and Technicians,62.3,18,30,18,6,0.5,12,2022
17-3024.00,Electro-Mechanical and Mechatronics Technologists and Technicians,55.1,12,28,16,0,0.4,16,2022
19-3099.01,Transportation Planners,67.8,22,22,5,5,0.2273,0,2023
17-2161.00,Nuclear Engineers,61.1,20,20,4,4,0.2,0,2024
19-1023.00,Zoologists and Wildlife Biologists,60.4,15,14,2,3,0.1724,-1,2026
19-3051.00,Urban and Regional Planners,66.2,19,25,6,0,0.1364,6,2021
17-2199.05,Mechatronics Engineers,60.7,23,23,3,3,0.1304,0,2022
17-2011.00,Aerospace Engineers,59.8,18,14,0,4,0.125,-4,2026
29-2051.00,Dietetic Technicians,56.8,12,13,2,1,0.12,1,2021
19-1031.02,Range Managers,55.1,16,18,3,1,0.1176,2,2026
19-1011.00,Animal Scientists,65.1,9,9,1,1,0.1111,0,2022
19-3041.00,Sociologists,64.6,12,15,3,0,0.1111,3,2023
17-2111.02,Fire-Prevention and Protection Engineers,63.4,13,14,2,1,0.1111,1,2025
17-3022.00,Civil Engineering Technologists and Technicians,63.3,13,14,2,1,0.1111,1,2017
19-1031.03,Park Naturalists,61.3,16,20,4,0,0.1111,4,2026
17-3024.01,Robotics Technicians,51.6,23,22,2,3,0.1111,-1,2018
17-3029.08,Photonics Technicians,50.4,30,24,0,6,0.1111,-6,2024
19-4092.00,Forensic Science Technicians,46.2,21,24,4,1,0.1111,3,2023
15-2011.00,Actuaries,62.3,14,15,2,1,0.1034,1,2026
29-2012.00,Medical and Clinical Laboratory Technicians,47.2,15,14,1,2,0.1034,-1,2026
29-1031.00,Dietitians and Nutritionists,58.1,23,28,5,0,0.098,5,2021
15-2031.00,Operations Research Analysts,72.6,14,17,3,0,0.0968,3,2024
19-2012.00,Physicists,66.6,15,16,2,1,0.0968,1,2026
19-2011.00,Astronomers,63.2,14,17,3,0,0.0968,3,2024
19-1041.00,Epidemiologists,61.3,15,16,2,1,0.0968,1,2023
17-3021.00,Aerospace Engineering and Operations Technologists and Technicians,53.4,11,11,1,1,0.0909,0,2019
29-2031.00,Cardiovascular Technologists and Technicians,44.8,25,21,0,4,0.087,-4,2014
19-4051.02,Nuclear Monitoring Technicians,49.0,19,16,0,3,0.0857,-3,2014
17-2199.08,Robotics Engineers,62.2,24,24,2,2,0.0833,0,2018
29-1011.00,Chiropractors,52.3,11,13,2,0,0.0833,2,2026
15-2041.00,Statisticians,74.2,18,19,2,1,0.0811,1,2024
19-3094.00,Political Scientists,70.5,12,14,2,0,0.0769,2,2022
19-3011.00,Economists,66.6,12,14,2,0,0.0769,2,2024
17-2199.07,Photonics Engineers,63.5,26,26,2,2,0.0769,0,2018
17-2041.00,Chemical Engineers,62.0,12,14,2,0,0.0769,2,2025
19-1029.02,Molecular and Cellular Biologists,58.0,21,22,2,1,0.0698,1,2021
25-1022.00,"Mathematical Science Teachers, Postsecondary",68.3,22,23,2,1,0.0667,1,2019
17-3013.00,Mechanical Drafters,62.6,14,16,2,0,0.0667,2,2026
29-2035.00,Magnetic Resonance Imaging Technologists,46.5,23,24,2,1,0.0638,1,2023
17-3025.00,Environmental Engineering Technologists and Technicians,56.4,26,23,0,3,0.0612,-3,2026
25-1061.00,"Anthropology and Archeology Teachers, Postsecondary",67.4,24,27,3,0,0.0588,3,2025
19-2021.00,Atmospheric and Space Scientists,66.7,24,27,3,0,0.0588,3,2024
19-4021.00,Biological Technicians,54.3,16,18,2,0,0.0588,2,2026
29-2055.00,Surgical Technologists,38.9,16,18,2,0,0.0588,2,2026
11-9041.00,Architectural and Engineering Managers,60.2,21,19,0,2,0.05,-2,2020
17-2072.00,"Electronics Engineers, Except Computer",64.3,22,20,0,2,0.0476,-2,2022
29-1125.00,Recreational Therapists,53.3,10,11,1,0,0.0476,1,2022
29-1023.00,Orthodontists,46.0,10,11,1,0,0.0476,1,2023
29-2092.00,Hearing Aid Specialists,37.4,10,11,1,0,0.0476,1,2020
17-2071.00,Electrical Engineers,57.9,22,22,1,1,0.0455,0,2023
29-1131.00,Veterinarians,48.3,23,21,0,2,0.0455,-2,2020
15-2021.00,Mathematicians,77.4,11,12,1,0,0.0435,1,2025
41-4011.00,"Sales Representatives, Wholesale and Manufacturing, Technical and Scientific Products",71.5,36,33,0,3,0.0435,-3,2014
29-1024.00,Prosthodontists,30.3,11,12,1,0,0.0435,1,2024
29-9099.01,Midwives,46.4,35,36,2,1,0.0423,1,2021
19-2043.00,Hydrologists,61.1,25,25,1,1,0.04,0,2026
19-2031.00,Chemists,53.8,13,12,0,1,0.04,-1,2023
25-1052.00,"Chemistry Teachers, Postsecondary",65.9,26,28,2,0,0.037,2,2019
19-1013.00,Soil and Plant Scientists,59.8,27,27,1,1,0.037,0,2021
19-1042.00,"Medical Scientists, Except Epidemiologists",59.5,13,14,1,0,0.037,1,2021
29-2011.02,Cytotechnologists,48.1,14,13,0,1,0.037,-1,2021
25-1066.00,"Psychology Teachers, Postsecondary",66.3,27,29,2,0,0.0357,2,2019
29-1022.00,Oral and Maxillofacial Surgeons,30.4,14,15,1,0,0.0345,1,2026
29-2099.05,Ophthalmic Medical Technologists,41.7,29,31,2,0,0.0333,2,2020
19-3022.00,Survey Researchers,66.6,15,16,1,0,0.0323,1,2025
19-2032.00,Materials Scientists,62.4,15,16,1,0,0.0323,1,2024
29-2011.00,Medical and Clinical Laboratory Technologists,46.9,16,15,0,1,0.0323,-1,2025
17-2051.00,Civil Engineers,54.6,17,16,0,1,0.0303,-1,2021
11-9041.01,Biofuels/Biodiesel Technology and Product Development Managers,54.8,19,18,0,1,0.027,-1,2014
19-3011.01,Environmental Economists,69.1,19,20,1,0,0.0256,1,2020
29-2032.00,Diagnostic Medical Sonographers,50.3,20,19,0,1,0.0256,-1,2026
17-2131.00,Materials Engineers,59.9,20,21,1,0,0.0244,1,2026
29-2052.00,Pharmacy Technicians,58.2,20,21,1,0,0.0244,1,2021
29-1051.00,Pharmacists,56.6,20,21,1,0,0.0244,1,2026
29-1161.00,Nurse Midwives,50.5,20,21,1,0,0.0244,1,2021
29-1122.01,"Low Vision Therapists, Orientation and Mobility Specialists, and Vision Rehabilitation Therapists",48.9,20,21,1,0,0.0244,1,2021
19-4099.03,Remote Sensing Technicians,65.0,22,21,0,1,0.0233,-1,2012
19-4061.00,Social Science Research Assistants,68.6,23,22,0,1,0.0222,-1,2019
25-1071.00,"Health Specialties Teachers, Postsecondary",67.6,23,22,0,1,0.0222,-1,2019
19-2041.02,Environmental Restoration Planners,61.7,22,23,1,0,0.0222,1,2021
29-1127.00,Speech-Language Pathologists,52.5,22,23,1,0,0.0222,1,2022
29-9091.00,Athletic Trainers,50.2,22,23,1,0,0.0222,1,2021
29-2061.00,Licensed Practical and Licensed Vocational Nurses,44.5,23,22,0,1,0.0222,-1,2021
29-1126.00,Respiratory Therapists,44.1,22,23,1,0,0.0222,1,2026
25-1032.00,"Engineering Teachers, Postsecondary",68.8,23,24,1,0,0.0213,1,2019
25-1067.00,"Sociology Teachers, Postsecondary",67.7,23,24,1,0,0.0213,1,2019
19-1021.00,Biochemists and Biophysicists,58.6,23,24,1,0,0.0213,1,2020
17-1022.00,Surveyors,56.5,23,24,1,0,0.0213,1,2023
25-1053.00,"Environmental Science Teachers, Postsecondary",68.4,24,25,1,0,0.0204,1,2019
17-1011.00,"Architects, Except Landscape and Naval",62.1,24,25,1,0,0.0204,1,2026
25-1021.00,"Computer Science Teachers, Postsecondary",66.6,25,26,1,0,0.0196,1,2019
25-1042.00,"Biological Science Teachers, Postsecondary",67.2,26,27,1,0,0.0189,1,2019
29-1141.00,Registered Nurses,48.7,28,27,0,1,0.0182,-1,2021
25-1072.00,"Nursing Instructors and Teachers, Postsecondary",66.5,28,29,1,0,0.0175,1,2019
17-2081.00,Environmental Engineers,61.7,28,29,1,0,0.0175,1,2024
29-1141.04,Clinical Nurse Specialists,54.4,29,30,1,0,0.0169,1,2025
19-2042.00,"Geoscientists, Except Hydrologists and Geographers",62.7,31,32,1,0,0.0159,1,2026
15-2041.01,Biostatisticians,75.6,25,25,0,0,0.0,0,2021
19-2041.01,Climate Change Policy Analysts,70.7,14,14,0,0,0.0,0,2021
41-4011.07,Solar Sales Representatives and Assessors,70.6,13,13,0,0,0.0,0,2024
41-9031.00,Sales Engineers,69.4,25,25,0,0,0.0,0,2022
25-1063.00,"Economics Teachers, Postsecondary",68.9,22,22,0,0,0.0,0,2019
25-1051.00,"Atmospheric, Earth, Marine, and Space Sciences Teachers, Postsecondary",68.7,26,26,0,0,0.0,0,2019
25-1031.00,"Architecture Teachers, Postsecondary",68.6,22,22,0,0,0.0,0,2019
25-1043.00,"Forestry and Conservation Science Teachers, Postsecondary",68.6,25,25,0,0,0.0,0,2020
25-1065.00,"Political Science Teachers, Postsecondary",68.6,22,22,0,0,0.0,0,2019
19-1029.01,Bioinformatics Scientists,68.5,20,20,0,0,0.0,0,2026
25-1062.00,"Area, Ethnic, and Cultural Studies Teachers, Postsecondary",68.4,23,23,0,0,0.0,0,2019
25-1064.00,"Geography Teachers, Postsecondary",68.0,25,25,0,0,0.0,0,2019
19-2041.03,Industrial Ecologists,67.8,38,38,0,0,0.0,0,2021
25-1041.00,"Agricultural Sciences Teachers, Postsecondary",67.7,23,23,0,0,0.0,0,2019
25-1054.00,"Physics Teachers, Postsecondary",67.1,24,24,0,0,0.0,0,2019
11-9121.01,Clinical Research Coordinators,66.3,33,33,0,0,0.0,0,2021
11-3021.00,Computer and Information Systems Managers,65.9,17,17,0,0,0.0,0,2016
17-2112.00,Industrial Engineers,65.2,20,20,0,0,0.0,0,2020
17-2061.00,Computer Hardware Engineers,64.2,18,18,0,0,0.0,0,2021
19-2099.01,Remote Sensing Scientists and Technologists,63.8,24,24,0,0,0.0,0,2023
17-1012.00,Landscape Architects,63.5,19,19,0,0,0.0,0,2025
19-2041.00,"Environmental Scientists and Specialists, Including Health",63.3,22,22,0,0,0.0,0,2023
19-3032.00,Industrial-Organizational Psychologists,63.3,25,25,0,0,0.0,0,2023
17-2141.02,Automotive Engineers,63.0,25,25,0,0,0.0,0,2022
19-1029.03,Geneticists,63.0,24,24,0,0,0.0,0,2021
17-1022.01,Geodetic Surveyors,62.9,16,16,0,0,0.0,0,2022
11-9121.02,Water Resource Specialists,62.8,21,21,0,0,0.0,0,2020
19-4099.01,Quality Control Analysts,62.8,26,26,0,0,0.0,0,2020
17-2072.01,Radio Frequency Identification Device Specialists,62.7,21,21,0,0,0.0,0,2015
11-9121.00,Natural Sciences Managers,62.3,16,16,0,0,0.0,0,2021
17-2199.06,Microsystems Engineers,62.2,31,31,0,0,0.0,0,2016
17-2141.01,Fuel Cell Engineers,62.0,26,26,0,0,0.0,0,2022
11-9111.00,Medical and Health Services Managers,61.8,18,18,0,0,0.0,0,2022
17-2151.00,"Mining and Geological Engineers, Including Mining Safety Engineers",61.8,18,18,0,0,0.0,0,2018
17-2112.01,Human Factors Engineers and Ergonomists,61.7,26,26,0,0,0.0,0,2024
29-9092.00,Genetic Counselors,61.2,19,19,0,0,0.0,0,2026
17-2141.00,Mechanical Engineers,60.7,28,28,0,0,0.0,0,2024
17-2051.01,Transportation Engineers,60.2,26,26,0,0,0.0,0,2023
19-3092.00,Geographers,60.0,12,12,0,0,0.0,0,2023
17-2199.09,Nanosystems Engineers,59.8,25,25,0,0,0.0,0,2023
17-2199.11,Solar Energy Systems Engineers,59.8,13,13,0,0,0.0,0,2023
17-2199.10,Wind Energy Engineers,59.6,16,16,0,0,0.0,0,2012
19-1012.00,Food Scientists and Technologists,59.1,13,13,0,0,0.0,0,2025
17-2021.00,Agricultural Engineers,58.2,14,14,0,0,0.0,0,2024
17-2171.00,Petroleum Engineers,58.1,23,23,0,0,0.0,0,2020
17-3027.01,Automotive Engineering Technicians,57.6,18,18,0,0,0.0,0,2016
17-1021.00,Cartographers and Photogrammetrists,56.8,14,14,0,0,0.0,0,2018
29-1171.00,Nurse Practitioners,54.3,27,27,0,0,0.0,0,2021
29-1123.00,Physical Therapists,53.5,24,24,0,0,0.0,0,2020
17-3029.01,Non-Destructive Testing Specialists,53.2,16,16,0,0,0.0,0,2023
19-1022.00,Microbiologists,52.7,14,14,0,0,0.0,0,2024
19-1032.00,Foresters,52.7,25,25,0,0,0.0,0,2026
19-4031.00,Chemical Technicians,52.7,16,16,0,0,0.0,0,2021
29-1181.00,Audiologists,52.2,22,22,0,0,0.0,0,2021
29-1071.00,Physician Assistants,51.7,12,12,0,0,0.0,0,2021
29-1122.00,Occupational Therapists,51.6,17,17,0,0,0.0,0,2021
29-1141.02,Advanced Practice Psychiatric Nurses,51.5,24,24,0,0,0.0,0,2023
29-2011.01,Cytogenetic Technologists,51.4,30,30,0,0,0.0,0,2026
29-1128.00,Exercise Physiologists,50.7,25,25,0,0,0.0,0,2026
29-1141.01,Acute Care Nurses,49.8,27,27,0,0,0.0,0,2025
29-2033.00,Nuclear Medicine Technologists,49.6,17,17,0,0,0.0,0,2013
29-2081.00,"Opticians, Dispensing",49.0,21,21,0,0,0.0,0,2022
29-1081.00,Podiatrists,48.5,11,11,0,0,0.0,0,2022
29-1041.00,Optometrists,47.2,10,10,0,0,0.0,0,2021
29-2099.01,Neurodiagnostic Technologists,46.2,16,16,0,0,0.0,0,2022
29-1141.03,Critical Care Nurses,45.2,29,29,0,0,0.0,0,2021
29-1151.00,Nurse Anesthetists,43.5,24,24,0,0,0.0,0,2021
29-1124.00,Radiation Therapists,43.3,22,22,0,0,0.0,0,2013
29-2091.00,Orthotists and Prosthetists,43.3,15,15,0,0,0.0,0,2024
29-2053.00,Psychiatric Technicians,42.2,16,16,0,0,0.0,0,2023
29-2056.00,Veterinary Technologists and Technicians,39.2,31,31,0,0,0.0,0,2020
29-2057.00,Ophthalmic Medical Technicians,38.6,20,20,0,0,0.0,0,2020
29-1021.00,"Dentists, General",37.4,20,20,0,0,0.0,0,2026
29-1071.01,Anesthesiologist Assistants,37.4,16,16,0,0,0.0,0,2026
